akurasi,presisi,recall,error_rate
0.6666666666666666,0.5,1.0,0.3333333333333333
