akurasi,presisi,recall,error_rate
0.7142857142857143,0.8333333333333334,0.625,0.2857142857142857
